section-details-link,expand,readonly,readonly (2),readonly (3),readonly (4),readonly (5),ui-pillbox-summary,ui-state-default,ui-state-default (2),ui-state-default (3),ui-state-default (4),ui-state-default (5),ui-state-default (6),ui-state-default (7),meeting,meeting (2),meeting (3),meeting (4),meeting (5),tooltip-row (3),tooltip-row (5),tooltip-row (7),tooltip-row (9),ui-pillbox-summary (2),ui-state-default (8),ui-state-default (9),ui-state-default (10),ui-state-default (11),ui-state-default (12),ui-state-default (13),ui-state-default (14),meeting (6),meeting (7),meeting (8),meeting (9),meeting (10),tooltip-row (11),tooltip-row (12),tooltip-row (13),tooltip-row (14),tooltip-row (15),tooltip-row (16),tooltip-row (17),tooltip-row (18),tooltip-row (19),tooltip-row (20),readonly (7),readonly (8),status-bold,readonly (9),readonly (10),readonly (11),status-full,status-waitlist,status-bold (2)
Constitutional Law,Lecture,Law,6101,01,4,70001,"Monday,Wednesday",S,M,T,W,T,F,S,11:10 AM - 12:25 PM,11,10,12,25,Building: Dockser Hall,Room: 220,Start Date: 01/06/2025,End Date: 04/11/2025,Thursday,S,M,T,W,T,F,S,11:30 AM - 12:45 PM,11,30,12,45,Type: Class,Type:,Building: Dockser Hall,Building:,Room: 250,Room:,Start Date: 01/06/2025,Start Date:,End Date: 04/11/2025,End Date:,Boston,2 of 76 seats remain.,2,Law Billing,NUpath Societies/Institutions,Cargill Hall Law Door Access,,,
Constitutional Law,Lecture,Law,6101,02,4,70002,"Tuesday,Thursday",S,T,M,T,W,F,S,09:35 AM - 10:50 AM,09,35,10,50,Building: Dockser Hall,Room: 240,Start Date: 01/06/2025,End Date: 04/11/2025,Friday,S,M,T,W,F,T,S,11:10 AM - 12:35 PM,11,10,12,35,Type: Class,Type:,Building: Dockser Hall,Building:,Room: 240,Room:,Start Date: 01/06/2025,Start Date:,End Date: 04/11/2025,End Date:,Boston,,FULL,Law Billing,NUpath Societies/Institutions,Cargill Hall Law Door Access,FULL: 0 of 76 seats remain.,,
Constitutional Law,Lecture,Law,6101,03,4,70003,"Tuesday,Thursday",S,T,M,T,W,F,S,11:10 AM - 12:25 PM,11,10,12,25,Building: Dockser Hall,Room: 220,Start Date: 01/06/2025,End Date: 04/11/2025,Wednesday,S,M,T,T,W,F,S,11:10 AM - 12:25 PM,11,10,12,25,Type: Class,Type:,Building: Dockser Hall,Building:,Room: 240,Room:,Start Date: 01/06/2025,Start Date:,End Date: 04/11/2025,End Date:,Boston,2 of 76 seats remain.,2,Law Billing,NUpath Societies/Institutions,Cargill Hall Law Door Access,,,
Contracts,Lecture,Law,6102,01,5,70004,"Monday,Wednesday",S,M,T,W,T,F,S,02:20 PM - 04:50 PM,02,20,04,50,Building: Dockser Hall,Room: 220,Start Date: 01/06/2025,End Date: 04/11/2025,,,,,,,,,,,,,,,,,,,,,,,,Boston,2 of 76 seats remain.,2,Law Billing,Cargill Hall Law Door Access,,,,
Contracts,Lecture,Law,6102,02,5,70005,"Monday,Wednesday",S,M,T,W,T,F,S,02:20 PM - 04:50 PM,02,20,04,50,Building: Dockser Hall,Room: 240,Start Date: 01/06/2025,End Date: 04/11/2025,,,,,,,,,,,,,,,,,,,,,,,,Boston,,FULL,Law Billing,Cargill Hall Law Door Access,,FULL: 0 of 76 seats remain.,,
Contracts,Lecture,Law,6102,03,5,70006,Wednesday,S,W,M,F,T,T,F,08:20 AM - 10:50 AM,08,20,10,50,Building: Dockser Hall,Room: 220,Start Date: 01/06/2025,End Date: 04/11/2025,Friday,S,S,M,T,S,W,T,08:20 AM - 10:50 AM,08,20,10,50,Type: Class,Type:,Building: Dockser Hall,Building:,Room: 240,Room:,Start Date: 01/06/2025,Start Date:,End Date: 04/11/2025,End Date:,Boston,2 of 76 seats remain.,2,Law Billing,Cargill Hall Law Door Access,,,,
Criminal Justice,Lecture,Law,6103,01,4,70007,Thursday,S,T,M,T,T,W,F,10:00 AM - 11:15 AM,10,00,11,15,Building: Dockser Hall,Room: 250,Start Date: 01/06/2025,End Date: 04/11/2025,"Tuesday,Friday",S,S,M,W,T,S,F,11:10 AM - 12:25 PM,11,10,12,25,Type: Class,Type:,Building: Dockser Hall,Building:,Room: 250,Room:,Start Date: 01/06/2025,Start Date:,End Date: 04/11/2025,End Date:,Boston,2 of 76 seats remain.,2,Law Billing,Cargill Hall Law Door Access,,,,
Criminal Justice,Lecture,Law,6103,02,4,70008,"Monday,Wednesday",S,M,T,W,T,F,S,09:35 AM - 10:50 AM,09,35,10,50,Building: Dockser Hall,Room: 250,Start Date: 01/06/2025,End Date: 04/11/2025,Tuesday,S,M,W,T,T,F,S,02:50 PM - 04:05 PM,02,50,04,05,Type: Class,Type:,Building: Dockser Hall,Building:,Room: 220,Room:,Start Date: 01/06/2025,Start Date:,End Date: 04/11/2025,End Date:,Boston,,FULL,Law Billing,Cargill Hall Law Door Access,,FULL: 0 of 76 seats remain.,,
Criminal Justice,Lecture,Law,6103,03,4,70009,Monday,S,M,T,T,W,T,F,11:10 AM - 12:25 PM,11,10,12,25,Building: Dockser Hall,Room: 240,Start Date: 01/06/2025,End Date: 04/11/2025,"Tuesday,Thursday",S,S,M,W,T,F,S,01:15 PM - 02:30 PM,01,15,02,30,Type: Class,Type:,Building: Dockser Hall,Building:,Room: 240,Room:,Start Date: 01/06/2025,Start Date:,End Date: 04/11/2025,End Date:,Boston,2 of 76 seats remain.,2,Law Billing,Cargill Hall Law Door Access,,,,
Criminal Justice,Lecture,Law,6103,05,4,70131,None,S,,M,,T,W,T,-,,,,,Building: None,Room: None,Start Date: 01/06/2025,End Date: 04/25/2025,,F,S,,,,,,,,,,,,,,,,,,,,,Online,1 of 41 seats remain.,1,Law Billing,Cargill Hall Law Door Access,,,,
Legal Skills in Social Context,Lecture,Law,6160,01,2,70010,Tuesday,S,T,M,,W,T,F,01:20 PM - 03:20 PM,01,20,03,20,Building: Dockser Hall,Room: 032,Start Date: 01/06/2025,End Date: 04/11/2025,,S,,,,,,,,,,,,,,,,,,,,,,Boston,2 of 16 seats remain.,2,Law Billing,Cargill Hall Law Door Access,,,,
Legal Skills in Social Context,Lecture,Law,6160,02,2,70011,Tuesday,S,T,M,,W,T,F,09:00 AM - 11:00 AM,09,00,11,00,Building: Dockser Hall,Room: 032,Start Date: 01/06/2025,End Date: 04/11/2025,,S,,,,,,,,,,,,,,,,,,,,,,Boston,1 of 16 seats remain.,1,Law Billing,Cargill Hall Law Door Access,,,,
Legal Skills in Social Context,Lecture,Law,6160,03,2,70012,Tuesday,S,T,M,,W,T,F,09:00 AM - 11:00 AM,09,00,11,00,Building: Dockser Hall,Room: 042,Start Date: 01/06/2025,End Date: 04/11/2025,,S,,,,,,,,,,,,,,,,,,,,,,Boston,2 of 16 seats remain.,2,Law Billing,Cargill Hall Law Door Access,,,,
Legal Skills in Social Context,Lecture,Law,6160,04,2,70013,Tuesday,S,T,M,,W,T,F,01:20 PM - 03:20 PM,01,20,03,20,Building: Dockser Hall,Room: 042,Start Date: 01/06/2025,End Date: 04/11/2025,,S,,,,,,,,,,,,,,,,,,,,,,Boston,2 of 16 seats remain.,2,Law Billing,Cargill Hall Law Door Access,,,,
Legal Skills in Social Context,Lecture,Law,6160,05,2,70014,Monday,S,M,T,,W,T,F,08:30 AM - 10:30 AM,08,30,10,30,Building: Dockser Hall,Room: 032,Start Date: 01/06/2025,End Date: 04/11/2025,,S,,,,,,,,,,,,,,,,,,,,,,Boston,,FULL,Law Billing,Cargill Hall Law Door Access,,FULL: 0 of 16 seats remain.,,
Legal Skills in Social Context,Lecture,Law,6160,06,2,70015,Monday,S,M,T,,W,T,F,08:30 AM - 10:30 AM,08,30,10,30,Building: Dockser Hall,Room: 044,Start Date: 01/06/2025,End Date: 04/11/2025,,S,,,,,,,,,,,,,,,,,,,,,,Boston,1 of 16 seats remain.,1,Law Billing,Cargill Hall Law Door Access,,,,
Legal Skills in Social Context,Lecture,Law,6160,07,2,70016,Tuesday,S,T,M,,W,T,F,09:00 AM - 11:00 AM,09,00,11,00,Building: Dockser Hall,Room: 044,Start Date: 01/06/2025,End Date: 04/11/2025,,S,,,,,,,,,,,,,,,,,,,,,,Boston,1 of 16 seats remain.,1,Law Billing,Cargill Hall Law Door Access,,,,
Legal Skills in Social Context,Lecture,Law,6160,08,2,70017,Wednesday,S,W,M,,T,T,F,02:20 PM - 04:20 PM,02,20,04,20,Building: Dockser Hall,Room: 046,Start Date: 01/06/2025,End Date: 04/11/2025,,S,,,,,,,,,,,,,,,,,,,,,,Boston,2 of 16 seats remain.,2,Law Billing,Cargill Hall Law Door Access,,,,
Legal Skills in Social Context,Lecture,Law,6160,09,2,70018,Thursday,S,T,M,,T,W,F,09:00 AM - 11:00 AM,09,00,11,00,Building: Dockser Hall,Room: 046,Start Date: 01/06/2025,End Date: 04/11/2025,,S,,,,,,,,,,,,,,,,,,,,,,Boston,1 of 16 seats remain.,1,Law Billing,Cargill Hall Law Door Access,,,,
Legal Skills in Social Context,Lecture,Law,6160,10,2,70019,Monday,S,M,T,,W,T,F,02:20 PM - 04:20 PM,02,20,04,20,Building: Dockser Hall,Room: 032,Start Date: 01/06/2025,End Date: 04/11/2025,,S,,,,,,,,,,,,,,,,,,,,,,Boston,1 of 16 seats remain.,1,Law Billing,Cargill Hall Law Door Access,,,,
Legal Skills in Social Context,Lecture,Law,6160,11,2,70020,Tuesday,S,T,M,,W,T,F,11:10 AM - 01:10 PM,11,10,01,10,Building: Dockser Hall,Room: 044,Start Date: 01/06/2025,End Date: 04/11/2025,,S,,,,,,,,,,,,,,,,,,,,,,Boston,1 of 16 seats remain.,1,Law Billing,Cargill Hall Law Door Access,,,,
Legal Skills in Social Context,Lecture,Law,6160,12,2,70021,Friday,S,F,M,,T,W,T,08:30 AM - 10:30 AM,08,30,10,30,Building: Dockser Hall,Room: 032,Start Date: 01/06/2025,End Date: 04/11/2025,,S,,,,,,,,,,,,,,,,,,,,,,Boston,1 of 16 seats remain.,1,Law Billing,Cargill Hall Law Door Access,,,,
Legal Skills in Social Context,Lecture,Law,6160,13,2,70022,Thursday,S,T,M,,T,W,F,11:10 AM - 01:10 PM,11,10,01,10,Building: Dockser Hall,Room: 032,Start Date: 01/06/2025,End Date: 04/11/2025,,S,,,,,,,,,,,,,,,,,,,,,,Boston,,FULL,Law Billing,Cargill Hall Law Door Access,,FULL: 0 of 16 seats remain.,,
Legal Skills in Social Context,Lecture,Law,6160,14,2,70023,Tuesday,S,T,M,,W,T,F,11:10 AM - 01:10 PM,11,10,01,10,Building: Dockser Hall,Room: 042,Start Date: 01/06/2025,End Date: 04/11/2025,,S,,,,,,,,,,,,,,,,,,,,,,Boston,1 of 16 seats remain.,1,Law Billing,Cargill Hall Law Door Access,,,,
Legal Skills in Social Context,Lecture,Law,6160,15,2,70051,Friday,S,F,M,,T,W,T,08:30 AM - 10:30 AM,08,30,10,30,Building: Dockser Hall,Room: 044,Start Date: 01/06/2025,End Date: 04/11/2025,,S,,,,,,,,,,,,,,,,,,,,,,Boston,1 of 16 seats remain.,1,Law Billing,Cargill Hall Law Door Access,,,,
Legal Skills in Social Context,Lecture,Law,6160,16,2,70134,None,S,,M,,T,W,T,-,,,,,Building: None,Room: None,Start Date: 01/06/2025,End Date: 04/25/2025,,F,S,,,,,,,,,,,,,,,,,,,,,Online,2 of 15 seats remain.,2,Law Billing,Cargill Hall Law Door Access,,,,
Legal Skills in Social Context,Lecture,Law,6160,17,2,70132,None,S,,M,,T,W,T,-,,,,,Building: None,Room: None,Start Date: 01/06/2025,End Date: 04/25/2025,,F,S,,,,,,,,,,,,,,,,,,,,,Online,3 of 15 seats remain.,3,Law Billing,Cargill Hall Law Door Access,,,,
Legal Skills in Social Context,Lecture,Law,6160,18,2,70133,None,S,,M,,T,W,T,-,,,,,Building: None,Room: None,Start Date: 01/06/2025,End Date: 04/25/2025,,F,S,,,,,,,,,,,,,,,,,,,,,Online,,FULL,Law Billing,Cargill Hall Law Door Access,,FULL: 0 of 15 seats remain.,,
LSSC: Legal Research and Writing Component,Lecture,Law,6165,01,2,70024,Thursday,S,T,M,,T,W,F,01:20 PM - 03:20 PM,01,20,03,20,Building: Dockser Hall,Room: 230,Start Date: 01/06/2025,End Date: 04/11/2025,,S,,,,,,,,,,,,,,,,,,,,,,Boston,1 of 16 seats remain.,1,Law Billing,Cargill Hall Law Door Access,,,,
LSSC: Legal Research and Writing Component,Lecture,Law,6165,02,2,70025,Thursday,S,T,M,,T,W,F,01:20 PM - 03:20 PM,01,20,03,20,Building: None,Room: None,Start Date: 01/06/2025,End Date: 04/11/2025,,S,,,,,,,,,,,,,,,,,,,,,,Boston,2 of 16 seats remain.,2,Law Billing,Cargill Hall Law Door Access,,,,
LSSC: Legal Research and Writing Component,Lecture,Law,6165,03,2,70026,Wednesday,S,W,M,,T,T,F,08:30 AM - 10:30 AM,08,30,10,30,Building: Dockser Hall,Room: 044,Start Date: 01/06/2025,End Date: 04/11/2025,,S,,,,,,,,,,,,,,,,,,,,,,Boston,2 of 16 seats remain.,2,Law Billing,Cargill Hall Law Door Access,,,,
LSSC: Legal Research and Writing Component,Lecture,Law,6165,04,2,70027,Wednesday,S,W,M,,T,T,F,09:00 AM - 11:00 AM,09,00,11,00,Building: Dockser Hall,Room: 032,Start Date: 01/06/2025,End Date: 04/11/2025,,S,,,,,,,,,,,,,,,,,,,,,,Boston,2 of 16 seats remain.,2,Law Billing,Cargill Hall Law Door Access,,,,
LSSC: Legal Research and Writing Component,Lecture,Law,6165,05,2,70028,Wednesday,S,W,M,,T,T,F,08:30 AM - 10:30 AM,08,30,10,30,Building: Dockser Hall,Room: 046,Start Date: 01/06/2025,End Date: 04/11/2025,,S,,,,,,,,,,,,,,,,,,,,,,Boston,,FULL,Law Billing,Cargill Hall Law Door Access,,FULL: 0 of 16 seats remain.,,
LSSC: Legal Research and Writing Component,Lecture,Law,6165,06,2,70029,Thursday,S,T,M,,T,W,F,09:00 AM - 11:00 AM,09,00,11,00,Building: Dockser Hall,Room: 160,Start Date: 01/06/2025,End Date: 04/11/2025,,S,,,,,,,,,,,,,,,,,,,,,,Boston,1 of 16 seats remain.,1,Law Billing,Cargill Hall Law Door Access,,,,
LSSC: Legal Research and Writing Component,Lecture,Law,6165,07,2,70030,Thursday,S,T,M,,T,W,F,09:00 AM - 11:00 AM,09,00,11,00,Building: None,Room: None,Start Date: 01/06/2025,End Date: 04/11/2025,,S,,,,,,,,,,,,,,,,,,,,,,Boston,1 of 16 seats remain.,1,Law Billing,Cargill Hall Law Door Access,,,,
LSSC: Legal Research and Writing Component,Lecture,Law,6165,08,2,70031,Monday,S,M,T,,W,T,F,08:30 AM - 10:30 AM,08,30,10,30,Building: Dockser Hall,Room: 046,Start Date: 01/06/2025,End Date: 04/11/2025,,S,,,,,,,,,,,,,,,,,,,,,,Boston,2 of 16 seats remain.,2,Law Billing,Cargill Hall Law Door Access,,,,
LSSC: Legal Research and Writing Component,Lecture,Law,6165,09,2,70032,Monday,S,M,T,,W,T,F,02:20 PM - 04:20 PM,02,20,04,20,Building: Dockser Hall,Room: 046,Start Date: 01/06/2025,End Date: 04/11/2025,,S,,,,,,,,,,,,,,,,,,,,,,Boston,,FULL,Law Billing,Cargill Hall Law Door Access,,FULL: 0 of 16 seats remain.,,
LSSC: Legal Research and Writing Component,Lecture,Law,6165,10,2,70033,Wednesday,S,W,M,,T,T,F,02:20 PM - 04:20 PM,02,20,04,20,Building: Dockser Hall,Room: 032,Start Date: 01/06/2025,End Date: 04/11/2025,,S,,,,,,,,,,,,,,,,,,,,,,Boston,1 of 16 seats remain.,1,Law Billing,Cargill Hall Law Door Access,,,,
LSSC: Legal Research and Writing Component,Lecture,Law,6165,11,2,70034,Thursday,S,T,M,,T,W,F,11:10 AM - 01:10 PM,11,10,01,10,Building: Dockser Hall,Room: 044,Start Date: 01/06/2025,End Date: 04/11/2025,,S,,,,,,,,,,,,,,,,,,,,,,Boston,,FULL,Law Billing,Cargill Hall Law Door Access,,FULL: 0 of 16 seats remain.,,
LSSC: Legal Research and Writing Component,Lecture,Law,6165,12,2,70035,Tuesday,S,T,M,,W,T,F,11:10 AM - 01:10 PM,11,10,01,10,Building: Dockser Hall,Room: 230,Start Date: 01/06/2025,End Date: 04/11/2025,,S,,,,,,,,,,,,,,,,,,,,,,Boston,1 of 16 seats remain.,1,Law Billing,Cargill Hall Law Door Access,,,,
LSSC: Legal Research and Writing Component,Lecture,Law,6165,13,2,70036,Tuesday,S,T,M,,W,T,F,11:10 AM - 01:10 PM,11,10,01,10,Building: None,Room: None,Start Date: 01/06/2025,End Date: 04/11/2025,,S,,,,,,,,,,,,,,,,,,,,,,Boston,,FULL,Law Billing,Cargill Hall Law Door Access,,FULL: 0 of 16 seats remain.,,
LSSC: Legal Research and Writing Component,Lecture,Law,6165,14,2,70037,Thursday,S,T,M,,T,W,F,01:20 PM - 03:20 PM,01,20,03,20,Building: Dockser Hall,Room: 160,Start Date: 01/06/2025,End Date: 04/11/2025,,S,,,,,,,,,,,,,,,,,,,,,,Boston,1 of 16 seats remain.,1,Law Billing,Cargill Hall Law Door Access,,,,
LSSC: Legal Research and Writing Component,Lecture,Law,6165,15,2,70052,Thursday,S,T,M,,T,W,F,01:20 PM - 03:20 PM,01,20,03,20,Building: None,Room: None,Start Date: 01/06/2025,End Date: 04/11/2025,,S,,,,,,,,,,,,,,,,,,,,,,Boston,1 of 16 seats remain.,1,Law Billing,Cargill Hall Law Door Access,,,,
LSSC: Legal Research and Writing Component,Lecture,Law,6165,16,2,70137,None,S,,M,,T,W,T,-,,,,,Building: None,Room: None,Start Date: 01/06/2025,End Date: 04/25/2025,,F,S,,,,,,,,,,,,,,,,,,,,,Online,2 of 15 seats remain.,2,Law Billing,Cargill Hall Law Door Access,,,,
LSSC: Legal Research and Writing Component,Lecture,Law,6165,17,2,70135,None,S,,M,,T,W,T,-,,,,,Building: None,Room: None,Start Date: 01/06/2025,End Date: 04/25/2025,,F,S,,,,,,,,,,,,,,,,,,,,,Online,3 of 15 seats remain.,3,Law Billing,Cargill Hall Law Door Access,,,,
LSSC: Legal Research and Writing Component,Lecture,Law,6165,18,2,70136,None,S,,M,,T,W,T,-,,,,,Building: None,Room: None,Start Date: 01/06/2025,End Date: 04/25/2025,,F,S,,,,,,,,,,,,,,,,,,,,,Online,,FULL,Law Billing,Cargill Hall Law Door Access,,FULL: 0 of 15 seats remain.,,
Introduction to U.S. Constitutional Law,Lecture,Law,6314,01,3,70053,Friday,S,F,M,,T,W,T,09:35 AM - 12:35 PM,09,35,12,35,Building: Dockser Hall,Room: 230,Start Date: 01/06/2025,End Date: 04/11/2025,,S,,,,,,,,,,,,,,,,,,,,,,Boston,4 of 34 seats remain.,4,Law Billing,Cargill Hall Law Door Access,,,,
Legal Research and Writing for LLM Students: Preparing for Co-op,Seminar,Law,6315,02,2,70121,Thursday,S,T,M,,T,W,F,04:00 PM - 06:00 PM,04,00,06,00,Building: Knowles Center,Room: 204,Start Date: 01/06/2025,End Date: 04/11/2025,,S,,,,,,,,,,,,,,,,,,,,,,Boston,,FULL,Law Billing,Cargill Hall Law Door Access,,FULL: 0 of 12 seats remain.,5 of 5 waitlist seats remain.,5
Legal Research and Writing for LLM Students: Preparing for Co-op,Seminar,Law,6315,03,2,70138,Monday,S,M,T,,W,T,F,04:25 PM - 06:25 PM,04,25,06,25,Building: Dockser Hall,Room: 030,Start Date: 01/06/2025,End Date: 04/11/2025,,S,,,,,,,,,,,,,,,,,,,,,,Boston,"2 of 7 seats remain.
5 of 5 waitlist seats remain.",2,Law Billing,Cargill Hall Law Door Access,,,,5
Legal Research and Writing for LLM Students: Preparing for Co-op,Seminar,Law,6315,04,2,70163,Tuesday,S,T,M,,W,T,F,02:50 PM - 04:50 PM,02,50,04,50,Building: Dockser Hall,Room: 030,Start Date: 01/06/2025,End Date: 04/11/2025,,S,,,,,,,,,,,,,,,,,,,,,,Boston,"1 of 15 seats remain.
5 of 5 waitlist seats remain.",1,Law Billing,Cargill Hall Law Door Access,,,,5
Introduction to Civil Procedure,Lecture,Law,6316,01,3,70249,Thursday,S,T,M,,T,W,F,10:00 AM - 01:00 PM,10,00,01,00,Building: Knowles Center,Room: 204,Start Date: 01/06/2025,End Date: 04/11/2025,,S,,,,,,,,,,,,,,,,,,,,,,Boston,14 of 25 seats remain.,14,Law Billing,Cargill Hall Law Door Access,,,,
Introduction to U.S. Law and Legal System,Lecture,Law,6400,01,3,70045,None,S,,M,,T,W,T,-,,,,,Building: None,Room: None,Start Date: 01/06/2025,End Date: 04/25/2025,,F,S,,,,,,,,,,,,,,,,,,,,,Online,6 of 25 seats remain.,6,Law Billing,,,,,
Constitutional Law,Lecture,Law,6403,01,3,70046,None,S,,M,,T,W,T,-,,,,,Building: None,Room: None,Start Date: 01/06/2025,End Date: 04/25/2025,,F,S,,,,,,,,,,,,,,,,,,,,,Online,1 of 20 seats remain.,1,Law Billing,,,,,
Constitutional Law,Lecture,Law,6403,02,3,70293,None,S,,M,,T,W,T,-,,,,,Building: None,Room: None,Start Date: 01/06/2025,End Date: 04/25/2025,,F,S,,,,,,,,,,,,,,,,,,,,,Online,4 of 22 seats remain.,4,Law Billing,,,,,
Civil Procedure,Lecture,Law,6404,01,3,70047,None,S,,M,,T,W,T,-,,,,,Building: None,Room: None,Start Date: 01/06/2025,End Date: 04/25/2025,,F,S,,,,,,,,,,,,,,,,,,,,,Online,1 of 25 seats remain.,1,Law Billing,,,,,
Criminal Law,Lecture,Law,6406,01,3,70164,None,S,,M,,T,W,T,-,,,,,Building: None,Room: None,Start Date: 01/06/2025,End Date: 04/25/2025,,F,S,,,,,,,,,,,,,,,,,,,,,Online,,FULL,Law Billing,,,FULL: 0 of 25 seats remain.,,
Mergers and Acquisitions,Lecture,Law,7005,02,3,70250,None,S,,M,,T,W,T,-,,,,,Building: None,Room: None,Start Date: 01/06/2025,End Date: 04/25/2025,,F,S,,,,,,,,,,,,,,,,,,,,,Online,9 of 20 seats remain.,9,Law Billing,,,,,
Secured Transactions,Lecture,Law,7006,01,3,70251,None,S,,M,,T,W,T,-,,,,,Building: None,Room: None,Start Date: 01/06/2025,End Date: 04/25/2025,,F,S,,,,,,,,,,,,,,,,,,,,,Online,18 of 25 seats remain.,18,Law Billing,,,,,
Intellectual Property and Technology Law,Lecture,Law,7009,01,3,70166,None,S,,M,,T,W,T,-,,,,,Building: None,Room: None,Start Date: 01/06/2025,End Date: 04/25/2025,,F,S,,,,,,,,,,,,,,,,,,,,,Online,14 of 20 seats remain.,14,Law Billing,,,,,
Administrative Law,Lecture,Law,7300,01,3,70170,Monday,S,M,T,W,W,T,F,08:00 AM - 09:25 AM,08,00,09,25,Building: Dockser Hall,Room: 240,Start Date: 01/06/2025,End Date: 04/11/2025,Wednesday,S,S,M,T,T,F,S,09:35 AM - 11:00 AM,09,35,11,00,Type: Class,Type:,Building: Dockser Hall,Building:,Room: 240,Room:,Start Date: 01/06/2025,Start Date:,End Date: 04/11/2025,End Date:,Boston,48 of 90 seats remain.,48,Law Billing,Cargill Hall Law Door Access,,,,
Administrative Law,Lecture,Law,7300,02,3,70171,None,S,,M,,T,W,T,-,,,,,Building: None,Room: None,Start Date: 01/06/2025,End Date: 04/25/2025,,F,S,,,,,,,,,,,,,,,,,,,,,Online,23 of 35 seats remain.,23,Law Billing,Cargill Hall Law Door Access,,,,
Advanced Criminal Procedure: Adjudication,Lecture,Law,7301,01,3,70252,"Monday,Wednesday",S,M,T,W,T,F,S,05:30 PM - 06:55 PM,05,30,06,55,Building: Dockser Hall,Room: 250,Start Date: 01/06/2025,End Date: 04/11/2025,,,,,,,,,,,,,,,,,,,,,,,,Boston,56 of 76 seats remain.,56,Law Billing,Cargill Hall Law Door Access,,,,
Secured Transactions,Lecture,Law,7313,01,3,70179,None,S,,M,,T,W,T,-,,,,,Building: None,Room: None,Start Date: 01/06/2025,End Date: 04/25/2025,,F,S,,,,,,,,,,,,,,,,,,,,,Online,9 of 15 seats remain.,9,Law Billing,Cargill Hall Law Door Access,,,,
Secured Transactions,Lecture,Law,7313,02,3,70253,Thursday,S,T,M,,T,W,F,02:50 PM - 05:50 PM,02,50,05,50,Building: Dockser Hall,Room: 220,Start Date: 01/06/2025,End Date: 04/11/2025,,S,,,,,,,,,,,,,,,,,,,,,,Boston,35 of 48 seats remain.,35,Law Billing,Cargill Hall Law Door Access,,,,
Corporations,Lecture,Law,7323,01,4,70054,"Tuesday,Thursday",S,T,M,T,W,F,S,08:00 AM - 09:55 AM,08,00,09,55,Building: Dockser Hall,Room: 220,Start Date: 01/06/2025,End Date: 04/11/2025,,,,,,,,,,,,,,,,,,,,,,,,Boston,21 of 76 seats remain.,21,Law Billing,Cargill Hall Law Door Access,,,,
Securities Regulation,Lecture,Law,7324,01,3,70174,Friday,S,F,M,,T,W,T,09:35 AM - 12:35 PM,09,35,12,35,Building: Dockser Hall,Room: 160,Start Date: 01/06/2025,End Date: 04/11/2025,,S,,,,,,,,,,,,,,,,,,,,,,Boston,"10 of 30 seats remain.
20 of 20 waitlist seats remain.",10,Law Billing,Cargill Hall Law Door Access,,,,20
Evidence,Lecture,Law,7332,01,4,70055,"Monday,Wednesday",S,M,T,W,T,F,S,08:30 AM - 10:25 AM,08,30,10,25,Building: Dockser Hall,Room: 230,Start Date: 01/06/2025,End Date: 04/11/2025,,,,,,,,,,,,,,,,,,,,,,,,Boston,25 of 48 seats remain.,25,Law Billing,Cargill Hall Law Door Access,,,,
Family Law,Lecture,Law,7333,01,3,70172,"Tuesday,Thursday",S,T,M,T,W,F,S,12:45 PM - 02:10 PM,12,45,02,10,Building: Dockser Hall,Room: 220,Start Date: 01/06/2025,End Date: 04/11/2025,,,,,,,,,,,,,,,,,,,,,,,,Boston,32 of 76 seats remain.,32,Law Billing,Cargill Hall Law Door Access,,,,
Immigration Law,Lecture,Law,7336,01,3,70254,"Monday,Wednesday",S,M,T,W,T,F,S,02:20 PM - 03:45 PM,02,20,03,45,Building: Dockser Hall,Room: 160,Start Date: 01/06/2025,End Date: 04/11/2025,,,,,,,,,,,,,,,,,,,,,,,,Boston,21 of 48 seats remain.,21,Law Billing,Cargill Hall Law Door Access,,,,
Negotiation,Lecture,Law,7350,01,3,70056,"Tuesday,Thursday",S,T,M,T,W,F,S,02:50 PM - 04:15 PM,02,50,04,15,Building: Dockser Hall,Room: 044,Start Date: 01/06/2025,End Date: 04/11/2025,,,,,,,,,,,,,,,,,,,,,,,,Boston,,FULL,Law Billing,Cargill Hall Law Door Access,,FULL: 0 of 18 seats remain.,16 of 16 waitlist seats remain.,16
Negotiation,Lecture,Law,7350,02,3,70139,"Monday,Wednesday",S,M,T,W,T,F,S,05:30 PM - 06:55 PM,05,30,06,55,Building: Dockser Hall,Room: 044,Start Date: 01/06/2025,End Date: 04/11/2025,,,,,,,,,,,,,,,,,,,,,,,,Boston,"4 of 16 seats remain.
16 of 16 waitlist seats remain.",4,Law Billing,Cargill Hall Law Door Access,,,,16
Intellectual Property,Lecture,Law,7369,01,3 OR 4,70255,"Monday,Wednesday",S,M,T,W,T,F,S,11:10 AM - 12:35 PM,11,10,12,35,Building: Dockser Hall,Room: 250,Start Date: 01/06/2025,End Date: 04/11/2025,,,,,,,,,,,,,,,,,,,,,,,,Boston,23 of 50 seats remain.,23,Law Billing,Cargill Hall Law Door Access,,,,
Land Use,Lecture,Law,7394,01,3,70058,Wednesday,S,W,M,,T,T,F,06:00 PM - 09:00 PM,06,00,09,00,Building: Dockser Hall,Room: 230,Start Date: 01/06/2025,End Date: 04/11/2025,,S,,,,,,,,,,,,,,,,,,,,,,Boston,28 of 32 seats remain.,28,Law Billing,Cargill Hall Law Door Access,,,,
Federal Courts and the Federal System,Lecture,Law,7398,01,4,70256,Monday,S,M,T,T,W,T,F,02:20 PM - 03:40 PM,02,20,03,40,Building: Dockser Hall,Room: 250,Start Date: 01/06/2025,End Date: 04/11/2025,"Tuesday,Thursday",S,S,M,W,T,F,S,02:50 PM - 04:10 PM,02,50,04,10,Type: Class,Type:,Building: Dockser Hall,Building:,Room: 250,Room:,Start Date: 01/06/2025,Start Date:,End Date: 04/11/2025,End Date:,Boston,43 of 76 seats remain.,43,Law Billing,Cargill Hall Law Door Access,,,,
Domestic Violence Clinic,Lecture,Law,7410,01,8,70257,Friday,S,F,M,,T,W,T,09:35 AM - 12:35 PM,09,35,12,35,Building: Dockser Hall,Room: 040,Start Date: 01/06/2025,End Date: 04/11/2025,,S,,,,,,,,,,,,,,,,,,,,,,Boston,,FULL,Law Billing,Cargill Hall Law Door Access,,FULL: 0 of 8 seats remain.,8 of 8 waitlist seats remain.,8
Entertainment Law,Lecture,Law,7417,01,3,70059,"Tuesday,Thursday",S,T,M,T,W,F,S,11:10 AM - 12:35 PM,11,10,12,35,Building: Dockser Hall,Room: 046,Start Date: 01/06/2025,End Date: 04/11/2025,,,,,,,,,,,,,,,,,,,,,,,,Boston,,FULL,Law Billing,Cargill Hall Law Door Access,,FULL: 0 of 21 seats remain.,20 of 20 waitlist seats remain.,20
Labor Law 2,Lecture,Law,7429,01,3,70060,Monday,S,M,T,,W,T,F,06:00 PM - 09:00 PM,06,00,09,00,Building: Dockser Hall,Room: 032,Start Date: 01/06/2025,End Date: 04/11/2025,,S,,,,,,,,,,,,,,,,,,,,,,Boston,15 of 24 seats remain.,15,Law Billing,Cargill Hall Law Door Access,,,,
Professional Responsibility,Lecture,Law,7443,01,3,70062,"Monday,Wednesday",S,M,T,W,T,F,S,02:20 PM - 03:45 PM,02,20,03,45,Building: Dockser Hall,Room: 230,Start Date: 01/06/2025,End Date: 04/11/2025,,,,,,,,,,,,,,,,,,,,,,,,Boston,12 of 49 seats remain.,12,Law Billing,Cargill Hall Law Door Access,,,,
First Amendment,Lecture,Law,7475,01,3,70063,"Tuesday,Thursday",S,T,M,T,W,F,S,09:35 AM - 11:00 AM,09,35,11,00,Building: Dockser Hall,Room: 230,Start Date: 01/06/2025,End Date: 04/11/2025,,,,,,,,,,,,,,,,,,,,,,,,Boston,"20 of 46 seats remain.
20 of 20 waitlist seats remain.",20,Law Billing,Cargill Hall Law Door Access,,,,20
Bioethics and the Law,Lecture,Law,7494,01,3,70064,Wednesday,S,W,M,,T,T,F,06:00 PM - 09:00 PM,06,00,09,00,Building: Dockser Hall,Room: 042,Start Date: 01/06/2025,End Date: 04/11/2025,,S,,,,,,,,,,,,,,,,,,,,,,Boston,17 of 24 seats remain.,17,Law Billing,Cargill Hall Law Door Access,,,,
Patent Law,Lecture,Law,7501,01,3,70175,Wednesday,S,W,M,M,T,T,F,08:00 AM - 09:25 AM,08,00,09,25,Building: Dockser Hall,Room: 160,Start Date: 01/06/2025,End Date: 04/11/2025,Monday,S,S,T,W,T,F,S,09:35 AM - 11:00 AM,09,35,11,00,Type: Class,Type:,Building: Dockser Hall,Building:,Room: 160,Room:,Start Date: 01/06/2025,Start Date:,End Date: 04/11/2025,End Date:,Boston,20 of 32 seats remain.,20,Law Billing,Cargill Hall Law Door Access,,,,
Business Bankruptcy,Lecture,Law,7503,01,3,70048,"Tuesday,Thursday",S,T,M,T,W,F,S,01:15 PM - 02:40 PM,01,15,02,40,Building: Knowles Center,Room: 204,Start Date: 01/06/2025,End Date: 04/11/2025,,,,,,,,,,,,,,,,,,,,,,,,Boston,7 of 24 seats remain.,7,Law Billing,Cargill Hall Law Door Access,,,,
Problems in Public Health Law,Lecture,Law,7512,01,3,70142,Thursday,S,T,M,,T,W,F,06:00 PM - 09:00 PM,06,00,09,00,Building: Dockser Hall,Room: 044,Start Date: 01/06/2025,End Date: 04/11/2025,,S,,,,,,,,,,,,,,,,,,,,,,Boston,"18 of 20 seats remain.
20 of 20 waitlist seats remain.",18,Law Billing,Cargill Hall Law Door Access,,,,20
Legal Writing Workshop,Lecture,Law,7516,01,3,70258,Thursday,S,T,M,,T,W,F,06:15 PM - 09:15 PM,06,15,09,15,Building: Knowles Center,Room: 204,Start Date: 01/06/2025,End Date: 04/11/2025,,S,,,,,,,,,,,,,,,,,,,,,,Boston,"4 of 14 seats remain.
14 of 14 waitlist seats remain.",4,Law Billing,Cargill Hall Law Door Access,,,,14
Law and Economic Development,Lecture,Law,7525,01,3 OR 4,70065,"Monday,Wednesday",S,M,T,W,T,F,S,11:10 AM - 12:35 PM,11,10,12,35,Building: Dockser Hall,Room: 230,Start Date: 01/06/2025,End Date: 04/11/2025,,,,,,,,,,,,,,,,,,,,,,,,Boston,23 of 45 seats remain.,23,Law Billing,Cargill Hall Law Door Access,,,,
Public Health Advocacy Clinic,Lecture,Law,7527,01,4,70066,Wednesday,S,W,M,,T,T,F,05:30 PM - 07:30 PM,05,30,07,30,Building: Dockser Hall,Room: 040,Start Date: 01/06/2025,End Date: 04/11/2025,,S,,,,,,,,,,,,,,,,,,,,,,Boston,"1 of 8 seats remain.
8 of 8 waitlist seats remain.",1,Law Billing,Cargill Hall Law Door Access,,,,8
Education Law,Lecture,Law,7530,01,3,70180,"Monday,Wednesday",S,M,T,W,T,F,S,05:30 PM - 06:55 PM,05,30,06,55,Building: Dockser Hall,Room: 240,Start Date: 01/06/2025,End Date: 04/11/2025,,,,,,,,,,,,,,,,,,,,,,,,Boston,36 of 45 seats remain.,36,Law Billing,Cargill Hall Law Door Access,,,,
Employment Law—Job Security and Rights,Lecture,Law,7539,01,3,70067,"Tuesday,Friday",S,T,M,F,W,T,S,09:35 AM - 11:00 AM,09,35,11,00,Building: Dockser Hall,Room: 250,Start Date: 01/06/2025,End Date: 04/11/2025,,,,,,,,,,,,,,,,,,,,,,,,Boston,42 of 48 seats remain.,42,Law Billing,Cargill Hall Law Door Access,,,,
"Employment Law—Compensation, Benefits, and Retirement",Lecture,Law,7540,01,3,70068,"Tuesday,Friday",S,T,M,F,W,T,S,08:00 AM - 09:25 AM,08,00,09,25,Building: Dockser Hall,Room: 250,Start Date: 01/06/2025,End Date: 04/11/2025,,,,,,,,,,,,,,,,,,,,,,,,Boston,40 of 48 seats remain.,40,Law Billing,Cargill Hall Law Door Access,,,,
International Trade,Lecture,Law,7559,01,3,70259,"Monday,Wednesday",S,M,T,W,T,F,S,11:10 AM - 12:35 PM,11,10,12,35,Building: Dockser Hall,Room: 044,Start Date: 01/06/2025,End Date: 04/11/2025,,,,,,,,,,,,,,,,,,,,,,,,Boston,17 of 32 seats remain.,17,Law Billing,Cargill Hall Law Door Access,,,,
Transactional Drafting Seminar,Seminar,Law,7572,01,3,70070,Thursday,S,T,M,,T,W,F,02:50 PM - 05:50 PM,02,50,05,50,Building: Dockser Hall,Room: 030,Start Date: 01/06/2025,End Date: 04/11/2025,,S,,,,,,,,,,,,,,,,,,,,,,Boston,1 of 14 seats remain.,1,Law Billing,Cargill Hall Law Door Access,,,,
Civil Rights and Restorative Justice Clinic,Seminar,Law,7597,01,6,70071,"Tuesday,Thursday",S,T,M,T,W,F,S,11:10 AM - 01:05 PM,11,10,01,05,Building: Dockser Hall,Room: 040,Start Date: 01/06/2025,End Date: 04/11/2025,,,,,,,,,,,,,,,,,,,,,,,,Boston,,FULL,Law Billing,Cargill Hall Law Door Access,,FULL: 0 of 12 seats remain.,12 of 12 waitlist seats remain.,12
International Business Transactions,Lecture,Law,7603,01,3,70072,Monday,S,M,T,,W,T,F,05:30 PM - 08:30 PM,05,30,08,30,Building: Dockser Hall,Room: 042,Start Date: 01/06/2025,End Date: 04/11/2025,,S,,,,,,,,,,,,,,,,,,,,,,Boston,20 of 32 seats remain.,20,Law Billing,Cargill Hall Law Door Access,,,,
Drug Law and Policy,Lecture,Law,7606,01,3,70073,None,S,,M,,T,W,T,-,,,,,Building: None,Room: None,Start Date: 01/06/2025,End Date: 04/25/2025,,F,S,,,,,,,,,,,,,,,,,,,,,Online,,FULL,Law Billing,Cargill Hall Law Door Access,,FULL: 0 of 30 seats remain.,20 of 20 waitlist seats remain.,20
American Legal Thought: Traditional and Critical,Lecture,Law,7608,01,3,70074,"Monday,Wednesday",S,M,T,W,T,F,S,11:10 AM - 12:35 PM,11,10,12,35,Building: Dockser Hall,Room: 042,Start Date: 01/06/2025,End Date: 04/11/2025,,,,,,,,,,,,,,,,,,,,,,,,Boston,2 of 23 seats remain.,2,Law Billing,Cargill Hall Law Door Access,,,,
Community Business Law Clinic,Seminar,Law,7610,01,8,70144,"Tuesday,Thursday",S,T,M,T,W,F,S,02:50 PM - 04:45 PM,02,50,04,45,Building: Dockser Hall,Room: 046,Start Date: 01/06/2025,End Date: 04/11/2025,,,,,,,,,,,,,,,,,,,,,,,,Boston,,FULL,Law Billing,Cargill Hall Law Door Access,,FULL: 0 of 8 seats remain.,8 of 8 waitlist seats remain.,8
Advanced Legal and Interdisciplinary Research,Lecture,Law,7624,01,2,70194,Thursday,S,T,M,,T,W,F,09:00 AM - 11:00 AM,09,00,11,00,Building: Dockser Hall,Room: 044,Start Date: 01/06/2025,End Date: 04/11/2025,,S,,,,,,,,,,,,,,,,,,,,,,Boston,"4 of 20 seats remain.
20 of 20 waitlist seats remain.",4,Law Billing,Cargill Hall Law Door Access,,,,20
Intellectual Property Law Clinic,Seminar,Law,7633,01,8,70076,"Tuesday,Thursday",S,T,M,T,W,F,S,11:10 AM - 01:05 PM,11,10,01,05,Building: Dockser Hall,Room: 104,Start Date: 01/06/2025,End Date: 04/11/2025,,,,,,,,,,,,,,,,,,,,,,,,Boston,"1 of 9 seats remain.
8 of 8 waitlist seats remain.",1,Law Billing,Cargill Hall Law Door Access,,,,8
Energy Law and Policy,Lecture,Law,7634,01,3,70260,Tuesday,S,T,M,,W,T,F,05:30 PM - 08:30 PM,05,30,08,30,Building: Dockser Hall,Room: 030,Start Date: 01/06/2025,End Date: 04/11/2025,,S,,,,,,,,,,,,,,,,,,,,,,Boston,5 of 14 seats remain.,5,Law Billing,Cargill Hall Law Door Access,,,,
Trademark Law,Lecture,Law,7638,01,3,70178,"Tuesday,Thursday",S,T,M,T,W,F,S,01:15 PM - 02:40 PM,01,15,02,40,Building: Dockser Hall,Room: 250,Start Date: 01/06/2025,End Date: 04/11/2025,,,,,,,,,,,,,,,,,,,,,,,,Boston,9 of 32 seats remain.,9,Law Billing,Cargill Hall Law Door Access,,,,
Trial Practice,Seminar,Law,7647,01,2,70077,Monday,S,M,T,,W,T,F,04:25 PM - 06:25 PM,04,25,06,25,Building: Dockser Hall,Room: 160,Start Date: 01/06/2025,End Date: 04/11/2025,,S,,,,,,,,,,,,,,,,,,,,,,Boston,,FULL,Law Billing,Cargill Hall Law Door Access,,FULL: 0 of 15 seats remain.,16 of 16 waitlist seats remain.,16
Trial Practice,Seminar,Law,7647,02,2,70078,Tuesday,S,T,M,,W,T,F,02:50 PM - 04:50 PM,02,50,04,50,Building: Dockser Hall,Room: 160,Start Date: 01/06/2025,End Date: 04/11/2025,,S,,,,,,,,,,,,,,,,,,,,,,Boston,,FULL,Law Billing,Cargill Hall Law Door Access,,FULL: 0 of 16 seats remain.,16 of 16 waitlist seats remain.,16
Strategies for Bar Success,Lecture,Law,7652,01,3,70079,Tuesday,S,T,M,,W,T,F,06:00 PM - 08:00 PM,06,00,08,00,Building: Dockser Hall,Room: 240,Start Date: 01/06/2025,End Date: 04/11/2025,,S,,,,,,,,,,,,,,,,,,,,,,Boston,44 of 76 seats remain.,44,Law Billing,Cargill Hall Law Door Access,,,,
Law and Inequality,Seminar,Law,7664,01,3 OR 4,70080,"Monday,Wednesday",S,M,T,W,T,F,S,02:20 PM - 03:45 PM,02,20,03,45,Building: Dockser Hall,Room: 042,Start Date: 01/06/2025,End Date: 04/11/2025,,,,,,,,,,,,,,,,,,,,,,,,Boston,"6 of 20 seats remain.
20 of 20 waitlist seats remain.",6,Law Billing,Cargill Hall Law Door Access,,,,20
Immigrant Justice Practicum,Off-campus instruction w/ lec,Law,7673,01,6,70261,Wednesday,S,W,M,,T,T,F,04:30 PM - 07:30 PM,04,30,07,30,Building: Dockser Hall,Room: 104,Start Date: 01/06/2025,End Date: 04/11/2025,,S,,,,,,,,,,,,,,,,,,,,,,Boston,,FULL,Law Billing,Cargill Hall Law Door Access,,FULL: 0 of 8 seats remain.,8 of 8 waitlist seats remain.,8
Information Privacy Law,Lecture,Law,7675,01,3,70081,"Monday,Wednesday",S,M,T,W,T,F,S,04:25 PM - 05:50 PM,04,25,05,50,Building: Dockser Hall,Room: 230,Start Date: 01/06/2025,End Date: 04/11/2025,,,,,,,,,,,,,,,,,,,,,,,,Boston,26 of 48 seats remain.,26,Law Billing,,,,,
Legal Research Workshop,Seminar,Law,7678,01,1,70082,Wednesday,S,W,M,,T,T,F,11:10 AM - 12:10 PM,11,10,12,10,Building: Dockser Hall,Room: 032,Start Date: 01/06/2025,End Date: 04/11/2025,,S,,,,,,,,,,,,,,,,,,,,,,Boston,"10 of 20 seats remain.
20 of 20 waitlist seats remain.",10,Law Billing,,,,,20
Anatomy of Autonomy,Seminar,Law,7684,01,3,70207,Friday,S,F,M,,T,W,T,09:35 AM - 12:35 PM,09,35,12,35,Building: Dockser Hall,Room: 046,Start Date: 01/06/2025,End Date: 04/11/2025,,S,,,,,,,,,,,,,,,,,,,,,,Boston,"2 of 15 seats remain.
15 of 15 waitlist seats remain.",2,Law Billing,,,,,15
Federal Indian Law,Lecture,Law,7696,01,2,70195,Monday,S,M,T,,W,T,F,08:30 AM - 10:30 AM,08,30,10,30,Building: Dockser Hall,Room: 042,Start Date: 01/06/2025,End Date: 04/11/2025,,S,,,,,,,,,,,,,,,,,,,,,,Boston,21 of 32 seats remain.,21,Law Billing,,,,,
"AI for Lawyers: Uses, Risks, and Regulation",Lecture,Law,7698,01,2,70262,Friday,S,F,M,,T,W,T,09:35 AM - 11:35 AM,09,35,11,35,Building: Dockser Hall,Room: 042,Start Date: 01/06/2025,End Date: 04/11/2025,,S,,,,,,,,,,,,,,,,,,,,,,Boston,"18 of 30 seats remain.
20 of 20 waitlist seats remain.",18,Law Billing,,,,,20
Efforts in Criminal Law Minimalism,Seminar,Law,7699,01,3,70263,"Tuesday,Thursday",S,T,M,T,W,F,S,01:15 PM - 02:40 PM,01,15,02,40,Building: Dockser Hall,Room: 046,Start Date: 01/06/2025,End Date: 04/11/2025,,,,,,,,,,,,,,,,,,,,,,,,Boston,,FULL,Law Billing,,,FULL: 0 of 15 seats remain.,15 of 15 waitlist seats remain.,15
Intellectual Property and Social Justice,Seminar,Law,7700,01,3,70264,Wednesday,S,W,M,,T,T,F,02:20 PM - 05:20 PM,02,20,05,20,Building: Dockser Hall,Room: 030,Start Date: 01/06/2025,End Date: 04/11/2025,,S,,,,,,,,,,,,,,,,,,,,,,Boston,"13 of 15 seats remain.
15 of 15 waitlist seats remain.",13,Law Billing,,,,,15
Strategies for Bar Success: Advanced Skills,Lecture,Law,7701,01,2,70265,None,S,,M,,T,W,T,-,,,,,Building: None,Room: None,Start Date: 01/06/2025,End Date: 04/25/2025,,F,S,,,,,,,,,,,,,,,,,,,,,Online,2 of 14 seats remain.,2,Law Billing,,,,,
Family Violence Immigration Practicum,Seminar,Law,7704,01,6,70268,Thursday,S,T,M,,T,W,F,05:30 PM - 08:30 PM,05,30,08,30,Building: Dockser Hall,Room: 104,Start Date: 01/06/2025,End Date: 04/11/2025,,S,,,,,,,,,,,,,,,,,,,,,,Boston,,FULL,Law Billing,,,FULL: 0 of 8 seats remain.,8 of 8 waitlist seats remain.,8
Law and Global Technology,Seminar,Law,7705,01,3,70276,Tuesday,S,T,M,T,W,T,F,11:10 AM - 12:35 PM,11,10,12,35,Building: Dockser Hall,Room: 032,Start Date: 01/06/2025,End Date: 04/11/2025,Thursday,S,S,M,T,W,F,S,11:10 AM - 12:35 PM,11,10,12,35,Type: Class,Type:,Building: Dockser Hall,Building:,Room: 042,Room:,Start Date: 01/06/2025,Start Date:,End Date: 04/11/2025,End Date:,Boston,"8 of 24 seats remain.
20 of 20 waitlist seats remain.",8,Law Billing,,,,,20
LSSC Lawyering Fellow Seminar,Seminar,Law,7928,01,1,70151,Wednesday,S,W,M,,T,T,F,12:45 PM - 02:10 PM,12,45,02,10,Building: Dockser Hall,Room: 032,Start Date: 01/06/2025,End Date: 04/11/2025,,S,,,,,,,,,,,,,,,,,,,,,,Boston,5 of 20 seats remain.,5,Law Billing,,,,,
Moot Courts and Legal Competitions,Individual Instruction,Law,7929,06,1 TO 4,70279,None,S,,M,,T,W,T,-,,,,,Building: None,Room: None,Start Date: 01/06/2025,End Date: 04/25/2025,,F,S,,,,,,,,,,,,,,,,,,,,,"No campus, no room needed",,FULL,Law Billing,Cargill Hall Law Door Access,,FULL: 0 of 2 seats remain.,,
LSSC Lawyering Fellow,Individual Instruction,Law,7931,10,3,70154,None,S,,M,,T,W,T,-,,,,,Building: None,Room: None,Start Date: 01/06/2025,End Date: 04/25/2025,,F,S,,,,,,,,,,,,,,,,,,,,,Boston,1 of 2 seats remain.,1,Law Billing,Cargill Hall Law Door Access,,,,
Scholarly Legal Writing,Seminar,Law,7933,01,2,70092,Tuesday,S,T,M,,W,T,F,09:00 AM - 11:00 AM,09,00,11,00,Building: Dockser Hall,Room: 030,Start Date: 01/06/2025,End Date: 04/11/2025,,S,,,,,,,,,,,,,,,,,,,,,,Boston,"12 of 15 seats remain.
15 of 15 waitlist seats remain.",12,Law Billing,Cargill Hall Law Door Access,,,,15
Teaching Assistant,Individual Instruction,Law,7937,26,1 TO 3,70275,None,S,,M,,T,W,T,-,,,,,Building: None,Room: None,Start Date: 01/06/2025,End Date: 04/25/2025,,F,S,,,,,,,,,,,,,,,,,,,,,"No campus, no room needed",1 of 2 seats remain.,1,No Course Evaluation,Law Billing,Cargill Hall Law Door Access,,,
Teaching Assistant,Individual Instruction,Law,7937,27,1 TO 3,70277,None,S,,M,,T,W,T,-,,,,,Building: None,Room: None,Start Date: 01/06/2025,End Date: 04/25/2025,,F,S,,,,,,,,,,,,,,,,,,,,,"No campus, no room needed",,FULL,No Course Evaluation,Law Billing,Cargill Hall Law Door Access,FULL: 0 of 1 seats remain.,,
Teaching Assistant,Individual Instruction,Law,7937,29,1 TO 3,70283,None,S,,M,,T,W,T,-,,,,,Building: None,Room: None,Start Date: 01/06/2025,End Date: 04/25/2025,,F,S,,,,,,,,,,,,,,,,,,,,,"No campus, no room needed",,FULL,No Course Evaluation,Law Billing,Cargill Hall Law Door Access,FULL: 0 of 1 seats remain.,,
Teaching Assistant,Individual Instruction,Law,7937,30,1 TO 3,70286,None,S,,M,,T,W,T,-,,,,,Building: None,Room: None,Start Date: 01/06/2025,End Date: 04/25/2025,,F,S,,,,,,,,,,,,,,,,,,,,,"No campus, no room needed",,FULL,No Course Evaluation,Law Billing,Cargill Hall Law Door Access,FULL: 0 of 1 seats remain.,,
Teaching Assistant,Individual Instruction,Law,7937,31,1 TO 3,70287,None,S,,M,,T,W,T,-,,,,,Building: None,Room: None,Start Date: 01/06/2025,End Date: 04/25/2025,,F,S,,,,,,,,,,,,,,,,,,,,,"No campus, no room needed",,FULL,No Course Evaluation,Law Billing,Cargill Hall Law Door Access,FULL: 0 of 4 seats remain.,,
Teaching Assistant,Individual Instruction,Law,7937,32,1 TO 3,70290,None,S,,M,,T,W,T,-,,,,,Building: None,Room: None,Start Date: 01/06/2025,End Date: 04/25/2025,,F,S,,,,,,,,,,,,,,,,,,,,,"No campus, no room needed",,FULL,No Course Evaluation,Law Billing,Cargill Hall Law Door Access,FULL: 0 of 1 seats remain.,,
Teaching Assistant,Individual Instruction,Law,7937,33,1 TO 3,70292,None,S,,M,,T,W,T,-,,,,,Building: None,Room: None,Start Date: 01/06/2025,End Date: 04/25/2025,,F,S,,,,,,,,,,,,,,,,,,,,,"No campus, no room needed",,FULL,No Course Evaluation,Law Billing,Cargill Hall Law Door Access,FULL: 0 of 1 seats remain.,,
Teaching Assistant,Individual Instruction,Law,7937,34,1 TO 3,70296,None,S,,M,,T,W,T,-,,,,,Building: None,Room: None,Start Date: 01/06/2025,End Date: 04/25/2025,,F,S,,,,,,,,,,,,,,,,,,,,,"No campus, no room needed",,FULL,No Course Evaluation,Law Billing,Cargill Hall Law Door Access,FULL: 0 of 2 seats remain.,,
Teaching Assistant,Individual Instruction,Law,7937,35,1 TO 3,70295,None,S,,M,,T,W,T,-,,,,,Building: None,Room: None,Start Date: 01/06/2025,End Date: 04/25/2025,,F,S,,,,,,,,,,,,,,,,,,,,,"No campus, no room needed",,FULL,No Course Evaluation,Law Billing,Cargill Hall Law Door Access,FULL: 0 of 1 seats remain.,,
Teaching Assistant,Individual Instruction,Law,7937,36,1 TO 3,70304,None,S,,M,,T,W,T,-,,,,,Building: None,Room: None,Start Date: 01/06/2025,End Date: 04/25/2025,,F,S,,,,,,,,,,,,,,,,,,,,,"No campus, no room needed",,FULL,No Course Evaluation,Law Billing,Cargill Hall Law Door Access,FULL: 0 of 1 seats remain.,,
Teaching Assistant,Individual Instruction,Law,7937,37,1 TO 3,70308,None,S,,M,,T,W,T,-,,,,,Building: None,Room: None,Start Date: 01/06/2025,End Date: 04/25/2025,,F,S,,,,,,,,,,,,,,,,,,,,,"No campus, no room needed",,FULL,No Course Evaluation,Law Billing,Cargill Hall Law Door Access,FULL: 0 of 1 seats remain.,,
Teaching Assistant,Individual Instruction,Law,7937,38,1 TO 3,70309,None,S,,M,,T,W,T,-,,,,,Building: None,Room: None,Start Date: 01/06/2025,End Date: 04/25/2025,,F,S,,,,,,,,,,,,,,,,,,,,,"No campus, no room needed",,FULL,No Course Evaluation,Law Billing,Cargill Hall Law Door Access,FULL: 0 of 1 seats remain.,,
Teaching Assistant,Individual Instruction,Law,7937,39,1 TO 3,70310,None,S,,M,,T,W,T,-,,,,,Building: None,Room: None,Start Date: 01/06/2025,End Date: 04/25/2025,,F,S,,,,,,,,,,,,,,,,,,,,,"No campus, no room needed",,FULL,No Course Evaluation,Law Billing,Cargill Hall Law Door Access,FULL: 0 of 1 seats remain.,,
Research Assistant,Individual Instruction,Law,7938,18,1 TO 3,70284,None,S,,M,,T,W,T,-,,,,,Building: None,Room: None,Start Date: 01/06/2025,End Date: 04/25/2025,,F,S,,,,,,,,,,,,,,,,,,,,,"No campus, no room needed",,FULL,No Course Evaluation,Law Billing,Cargill Hall Law Door Access,FULL: 0 of 2 seats remain.,,
Research Assistant,Individual Instruction,Law,7938,19,1 TO 3,70291,None,S,,M,,T,W,T,-,,,,,Building: None,Room: None,Start Date: 01/06/2025,End Date: 04/25/2025,,F,S,,,,,,,,,,,,,,,,,,,,,"No campus, no room needed",,FULL,No Course Evaluation,Law Billing,Cargill Hall Law Door Access,FULL: 0 of 1 seats remain.,,
Research Assistant,Individual Instruction,Law,7938,20,1 TO 3,70294,None,S,,M,,T,W,T,-,,,,,Building: None,Room: None,Start Date: 01/06/2025,End Date: 04/25/2025,,F,S,,,,,,,,,,,,,,,,,,,,,"No campus, no room needed",,FULL,No Course Evaluation,Law Billing,Cargill Hall Law Door Access,FULL: 0 of 1 seats remain.,,
Research Assistant,Individual Instruction,Law,7938,21,1 TO 3,70300,None,S,,M,,T,W,T,-,,,,,Building: None,Room: None,Start Date: 01/06/2025,End Date: 04/25/2025,,F,S,,,,,,,,,,,,,,,,,,,,,"No campus, no room needed",,FULL,No Course Evaluation,Law Billing,Cargill Hall Law Door Access,FULL: 0 of 1 seats remain.,,
Research Assistant,Individual Instruction,Law,7938,22,1 TO 3,70299,None,S,,M,,T,W,T,-,,,,,Building: None,Room: None,Start Date: 01/06/2025,End Date: 04/25/2025,,F,S,,,,,,,,,,,,,,,,,,,,,"No campus, no room needed",,FULL,No Course Evaluation,Law Billing,Cargill Hall Law Door Access,FULL: 0 of 1 seats remain.,,
Research Assistant,Individual Instruction,Law,7938,25,1 TO 3,70313,None,S,,M,,T,W,T,-,,,,,Building: None,Room: None,Start Date: 01/06/2025,End Date: 04/25/2025,,F,S,,,,,,,,,,,,,,,,,,,,,"No campus, no room needed",,FULL,No Course Evaluation,Law Billing,Cargill Hall Law Door Access,FULL: 0 of 1 seats remain.,,
Reflections on Lawyering,Lecture,Law,7940,01,1,70146,None,S,,M,,T,W,T,-,,,,,Building: None,Room: None,Start Date: 01/06/2025,End Date: 04/25/2025,,F,S,,,,,,,,,,,,,,,,,,,,,Online,7 of 15 seats remain.,7,Law Billing,,,,,
Reflections on Lawyering,Lecture,Law,7940,02,1,70155,None,S,,M,,T,W,T,-,,,,,Building: None,Room: None,Start Date: 01/06/2025,End Date: 04/25/2025,,F,S,,,,,,,,,,,,,,,,,,,,,Online,7 of 15 seats remain.,7,Law Billing,,,,,
Public Interest / Public Service Field Placement,Off-campus instruction,Law,7941,01,7,70147,None,S,,M,,T,W,T,-,,,,,Building: None,Room: None,Start Date: 01/06/2025,End Date: 04/25/2025,,F,S,,,,,,,,,,,,,,,,,,,,,"No campus, no room needed",84 of 100 seats remain.,84,Law Billing,,,,,
Field Placement Seminar,Seminar,Law,7945,01,2,70269,None,S,,M,,T,W,T,-,,,,,Building: None,Room: None,Start Date: 01/06/2025,End Date: 04/25/2025,,F,S,,,,,,,,,,,,,,,,,,,,,"No campus, no room needed",10 of 20 seats remain.,10,Law Billing,,,,,
Field Placement Seminar,Seminar,Law,7945,02,2,70270,None,S,,M,,T,W,T,-,,,,,Building: None,Room: None,Start Date: 01/06/2025,End Date: 04/25/2025,,F,S,,,,,,,,,,,,,,,,,,,,,"No campus, no room needed",11 of 20 seats remain.,11,Law Billing,,,,,
Field Placement Seminar,Seminar,Law,7945,03,2,70273,None,S,,M,,T,W,T,-,,,,,Building: None,Room: None,Start Date: 01/06/2025,End Date: 04/25/2025,,F,S,,,,,,,,,,,,,,,,,,,,,"No campus, no room needed",10 of 20 seats remain.,10,Law Billing,,,,,
Field Placement,Off-campus instruction,Law,7946,01,6,70271,None,S,,M,,T,W,T,-,,,,,Building: None,Room: None,Start Date: 01/06/2025,End Date: 04/25/2025,,F,S,,,,,,,,,,,,,,,,,,,,,"No campus, no room needed",21 of 50 seats remain.,21,Law Billing,,,,,
Independent Field Placement,Off-campus instruction w/ lec,Law,7949,01,2 TO 4,70221,None,S,,M,,T,W,T,-,,,,,Building: None,Room: None,Start Date: 01/06/2025,End Date: 04/25/2025,,F,S,,,,,,,,,,,,,,,,,,,,,"No campus, no room needed",2 of 3 seats remain.,2,Law Billing,,,,,
Independent Field Placement,Off-campus instruction w/ lec,Law,7949,03,2 TO 4,70223,None,S,,M,,T,W,T,-,,,,,Building: None,Room: None,Start Date: 01/06/2025,End Date: 04/25/2025,,F,S,,,,,,,,,,,,,,,,,,,,,"No campus, no room needed",1 of 2 seats remain.,1,Law Billing,,,,,
Independent Field Placement,Off-campus instruction w/ lec,Law,7949,04,2 TO 4,70224,None,S,,M,,T,W,T,-,,,,,Building: None,Room: None,Start Date: 01/06/2025,End Date: 04/25/2025,,F,S,,,,,,,,,,,,,,,,,,,,,"No campus, no room needed",1 of 2 seats remain.,1,Law Billing,,,,,
Independent Field Placement,Off-campus instruction w/ lec,Law,7949,05,2 TO 4,70225,None,S,,M,,T,W,T,-,,,,,Building: None,Room: None,Start Date: 01/06/2025,End Date: 04/25/2025,,F,S,,,,,,,,,,,,,,,,,,,,,"No campus, no room needed",1 of 2 seats remain.,1,Law Billing,,,,,
Independent Field Placement,Off-campus instruction w/ lec,Law,7949,06,2 TO 4,70226,None,S,,M,,T,W,T,-,,,,,Building: None,Room: None,Start Date: 01/06/2025,End Date: 04/25/2025,,F,S,,,,,,,,,,,,,,,,,,,,,"No campus, no room needed",,FULL,Law Billing,,,FULL: 0 of 2 seats remain.,,
Independent Field Placement,Off-campus instruction w/ lec,Law,7949,07,2 TO 4,70227,None,S,,M,,T,W,T,-,,,,,Building: None,Room: None,Start Date: 01/06/2025,End Date: 04/25/2025,,F,S,,,,,,,,,,,,,,,,,,,,,"No campus, no room needed",1 of 2 seats remain.,1,Law Billing,,,,,
Independent Field Placement,Off-campus instruction w/ lec,Law,7949,08,2 TO 4,70228,None,S,,M,,T,W,T,-,,,,,Building: None,Room: None,Start Date: 01/06/2025,End Date: 04/25/2025,,F,S,,,,,,,,,,,,,,,,,,,,,"No campus, no room needed",1 of 2 seats remain.,1,Law Billing,,,,,
Independent Field Placement,Off-campus instruction w/ lec,Law,7949,09,2 TO 4,70229,None,S,,M,,T,W,T,-,,,,,Building: None,Room: None,Start Date: 01/06/2025,End Date: 04/25/2025,,F,S,,,,,,,,,,,,,,,,,,,,,"No campus, no room needed",1 of 2 seats remain.,1,Law Billing,,,,,
Independent Field Placement,Off-campus instruction w/ lec,Law,7949,10,2 TO 4,70230,None,S,,M,,T,W,T,-,,,,,Building: None,Room: None,Start Date: 01/06/2025,End Date: 04/25/2025,,F,S,,,,,,,,,,,,,,,,,,,,,"No campus, no room needed",1 of 2 seats remain.,1,Law Billing,,,,,
Independent Field Placement,Off-campus instruction w/ lec,Law,7949,11,2 TO 4,70231,None,S,,M,,T,W,T,-,,,,,Building: None,Room: None,Start Date: 01/06/2025,End Date: 04/25/2025,,F,S,,,,,,,,,,,,,,,,,,,,,"No campus, no room needed",1 of 2 seats remain.,1,Law Billing,,,,,
Independent Field Placement,Off-campus instruction w/ lec,Law,7949,12,2 TO 4,70232,None,S,,M,,T,W,T,-,,,,,Building: None,Room: None,Start Date: 01/06/2025,End Date: 04/25/2025,,F,S,,,,,,,,,,,,,,,,,,,,,"No campus, no room needed",1 of 2 seats remain.,1,Law Billing,,,,,
Directed Study,Individual Instruction,Law,7976,16,1 TO 6,70282,None,S,,M,,T,W,T,-,,,,,Building: None,Room: None,Start Date: 01/06/2025,End Date: 04/25/2025,,F,S,,,,,,,,,,,,,,,,,,,,,"No campus, no room needed",,FULL,No Course Evaluation,Law Billing,Cargill Hall Law Door Access,FULL: 0 of 1 seats remain.,,
Directed Study,Individual Instruction,Law,7976,17,1 TO 6,70306,None,S,,M,,T,W,T,-,,,,,Building: None,Room: None,Start Date: 01/06/2025,End Date: 04/25/2025,,F,S,,,,,,,,,,,,,,,,,,,,,"No campus, no room needed",,FULL,No Course Evaluation,Law Billing,Cargill Hall Law Door Access,FULL: 0 of 1 seats remain.,,
Directed Study,Individual Instruction,Law,7976,18,1 TO 6,70288,None,S,,M,,T,W,T,-,,,,,Building: None,Room: None,Start Date: 01/06/2025,End Date: 04/25/2025,,F,S,,,,,,,,,,,,,,,,,,,,,"No campus, no room needed",,FULL,No Course Evaluation,Law Billing,Cargill Hall Law Door Access,FULL: 0 of 1 seats remain.,,
Directed Study,Individual Instruction,Law,7976,20,1 TO 6,70289,None,S,,M,,T,W,T,-,,,,,Building: None,Room: None,Start Date: 01/06/2025,End Date: 04/25/2025,,F,S,,,,,,,,,,,,,,,,,,,,,"No campus, no room needed",,FULL,No Course Evaluation,Law Billing,Cargill Hall Law Door Access,FULL: 0 of 1 seats remain.,,
Directed Study,Individual Instruction,Law,7976,21,1 TO 6,70301,None,S,,M,,T,W,T,-,,,,,Building: None,Room: None,Start Date: 01/06/2025,End Date: 04/25/2025,,F,S,,,,,,,,,,,,,,,,,,,,,"No campus, no room needed",,FULL,No Course Evaluation,Law Billing,Cargill Hall Law Door Access,FULL: 0 of 1 seats remain.,,
Directed Study,Individual Instruction,Law,7976,22,1 TO 6,70297,None,S,,M,,T,W,T,-,,,,,Building: None,Room: None,Start Date: 01/06/2025,End Date: 04/25/2025,,F,S,,,,,,,,,,,,,,,,,,,,,"No campus, no room needed",,FULL,No Course Evaluation,Law Billing,Cargill Hall Law Door Access,FULL: 0 of 1 seats remain.,,
Directed Study,Individual Instruction,Law,7976,23,1 TO 6,70298,None,S,,M,,T,W,T,-,,,,,Building: None,Room: None,Start Date: 01/06/2025,End Date: 04/25/2025,,F,S,,,,,,,,,,,,,,,,,,,,,"No campus, no room needed",,FULL,No Course Evaluation,Law Billing,Cargill Hall Law Door Access,FULL: 0 of 1 seats remain.,,
Directed Study,Individual Instruction,Law,7976,24,1 TO 6,70302,None,S,,M,,T,W,T,-,,,,,Building: None,Room: None,Start Date: 01/06/2025,End Date: 04/25/2025,,F,S,,,,,,,,,,,,,,,,,,,,,"No campus, no room needed",,FULL,No Course Evaluation,Law Billing,Cargill Hall Law Door Access,FULL: 0 of 3 seats remain.,,
Directed Study,Individual Instruction,Law,7976,26,1 TO 6,70307,None,S,,M,,T,W,T,-,,,,,Building: None,Room: None,Start Date: 01/06/2025,End Date: 04/25/2025,,F,S,,,,,,,,,,,,,,,,,,,,,"No campus, no room needed",,FULL,No Course Evaluation,Law Billing,Cargill Hall Law Door Access,FULL: 0 of 1 seats remain.,,
Directed Study,Individual Instruction,Law,7976,27,1 TO 6,70312,None,S,,M,,T,W,T,-,,,,,Building: None,Room: None,Start Date: 01/06/2025,End Date: 04/25/2025,,F,S,,,,,,,,,,,,,,,,,,,,,"No campus, no room needed",1 of 2 seats remain.,1,No Course Evaluation,Law Billing,Cargill Hall Law Door Access,,,
Directed Study,Individual Instruction,Law,7976,30,1 TO 6,70311,None,S,,M,,T,W,T,-,,,,,Building: None,Room: None,Start Date: 01/06/2025,End Date: 04/25/2025,,F,S,,,,,,,,,,,,,,,,,,,,,"No campus, no room needed",1 of 3 seats remain.,1,No Course Evaluation,Law Billing,Cargill Hall Law Door Access,,,
AsianAmricns&CommunityLawering,Seminar,Law,7983,03,2,70148,"Sunday,Saturday",M,S,T,S,W,T,F,10:00 AM - 12:30 PM,10,00,12,30,Building: Dockser Hall,Room: 230,Start Date: 01/31/2025,End Date: 02/09/2025,Saturday,S,M,T,W,T,F,S,10:00 AM - 12:30 PM,10,00,12,30,Type: Class,Type:,Building: Dockser Hall,Building:,Room: 230,Room:,Start Date: 01/31/2025,Start Date:,End Date: 02/09/2025,End Date:,Boston,"3 of 25 seats remain.
20 of 20 waitlist seats remain.",3,Law Billing,Topics Course,,,,20
Virtual Legal Advocacy Clinic,Seminar,Law,7983,04,4,70150,Tuesday,S,T,M,,W,T,F,06:30 PM - 08:30 PM,06,30,08,30,Building: None,Room: None,Start Date: 01/06/2025,End Date: 04/25/2025,,S,,,,,,,,,,,,,,,,,,,,,,Online,,FULL,Law Billing,Topics Course,,FULL: 0 of 8 seats remain.,8 of 8 waitlist seats remain.,8
"Race, Police Violence, and Dev",Seminar,Law,7983,05,3,70173,"Monday,Wednesday",S,M,T,W,T,F,S,02:50 PM - 04:30 PM,02,50,04,30,Building: Dockser Hall,Room: 044,Start Date: 01/06/2025,End Date: 04/11/2025,,,,,,,,,,,,,,,,,,,,,,,,Boston,"2 of 12 seats remain.
8 of 8 waitlist seats remain.",2,Law Billing,Topics Course,,,,8
Regulation of Asset Managers,Seminar,Law,7983,06,2,70272,Thursday,S,T,M,,T,W,F,05:30 PM - 07:30 PM,05,30,07,30,Building: Dockser Hall,Room: 046,Start Date: 01/06/2025,End Date: 04/11/2025,,S,,,,,,,,,,,,,,,,,,,,,,Boston,"9 of 20 seats remain.
20 of 20 waitlist seats remain.",9,Law Billing,Topics Course,,,,20
Introduction to Legal Studies 1: Law and Legal Reasoning,Lecture,Legal Studies,6101,01,3,70038,None,S,,M,,T,W,T,-,,,,,Building: None,Room: None,Start Date: 01/06/2025,End Date: 02/22/2025,,F,S,,,,,,,,,,,,,,,,,,,,,Online,2 of 25 seats remain.,2,Law Billing,,,,,
Introduction to Legal Studies 2,Lecture,Legal Studies,6102,01,3,70039,None,S,,M,,T,W,T,-,,,,,Building: None,Room: None,Start Date: 02/24/2025,End Date: 04/26/2025,,F,S,,,,,,,,,,,,,,,,,,,,,Online,4 of 25 seats remain.,4,Law Billing,,,,,
Law of Information and Records,Lecture,Legal Studies,6110,01,3,70042,None,S,,M,,T,W,T,-,,,,,Building: None,Room: None,Start Date: 02/24/2025,End Date: 04/26/2025,,F,S,,,,,,,,,,,,,,,,,,,,,Online,9 of 25 seats remain.,9,Law Billing,,,,,
Law and Strategy,Lecture,Legal Studies,6120,01,3,70044,None,S,,M,,T,W,T,-,,,,,Building: None,Room: None,Start Date: 02/24/2025,End Date: 04/26/2025,,F,S,,,,,,,,,,,,,,,,,,,,,Online,"3 of 25 seats remain.
3 of 3 waitlist seats remain.",3,Law Billing,,,,,3
Negotiation and Advocacy,Lecture,Legal Studies,6130,01,3,70120,None,S,,M,,T,W,T,-,,,,,Building: None,Room: None,Start Date: 01/06/2025,End Date: 02/22/2025,,F,S,,,,,,,,,,,,,,,,,,,,,Online,"2 of 26 seats remain.
2 of 2 waitlist seats remain.",2,Law Billing,,,,,2
Data Regulation and Compliance,Lecture,Legal Studies,6140,01,3,70041,None,S,,M,,T,W,T,-,,,,,Building: None,Room: None,Start Date: 02/24/2025,End Date: 04/26/2025,,F,S,,,,,,,,,,,,,,,,,,,,,Online,10 of 25 seats remain.,10,Law Billing,,,,,
Legal Foundations of Public Policy,Lecture,Legal Studies,6155,01,3,70049,None,S,,M,,T,W,T,-,,,,,Building: None,Room: None,Start Date: 01/06/2025,End Date: 02/22/2025,,F,S,,,,,,,,,,,,,,,,,,,,,Online,,FULL,Law Billing,,,FULL: 0 of 25 seats remain.,2 of 2 waitlist seats remain.,2
Healthcare Regulation and Compliance,Lecture,Legal Studies,6181,01,3,70040,None,S,,M,,T,W,T,-,,,,,Building: None,Room: None,Start Date: 02/24/2025,End Date: 04/26/2025,,F,S,,,,,,,,,,,,,,,,,,,,,Online,9 of 25 seats remain.,9,Law Billing,,,,,
"Patient Records, Privacy, and Security",Lecture,Legal Studies,6182,01,3,70149,None,S,,M,,T,W,T,-,,,,,Building: None,Room: None,Start Date: 01/06/2025,End Date: 02/22/2025,,F,S,,,,,,,,,,,,,,,,,,,,,Online,16 of 25 seats remain.,16,Law Billing,,,,,
Special Topics in Employee Rights and Employer Obligations,Lecture,Legal Studies,6210,01,3,70043,None,S,,M,,T,W,T,-,,,,,Building: None,Room: None,Start Date: 01/06/2025,End Date: 02/22/2025,,F,S,,,,,,,,,,,,,,,,,,,,,Online,3 of 25 seats remain.,3,Law Billing,Topics Course,,,,
Intellectual Property and Media,Lecture,Legal Studies,6232,01,3,70169,None,S,,M,,T,W,T,-,,,,,Building: None,Room: None,Start Date: 01/06/2025,End Date: 02/22/2025,,F,S,,,,,,,,,,,,,,,,,,,,,Online,13 of 25 seats remain.,13,Law Billing,,,,,
Current Issues in Law and Public Policy,Lecture,Legal Studies,6235,01,3,70050,None,S,,M,,T,W,T,-,,,,,Building: None,Room: None,Start Date: 02/24/2025,End Date: 04/26/2025,,F,S,,,,,,,,,,,,,,,,,,,,,Online,,FULL,Law Billing,,,FULL: 0 of 25 seats remain.,2 of 2 waitlist seats remain.,2
International Study&#8212;France,Off-campus instruction,Study Abroad - Law,5108,01,0,70205,None,S,,M,,T,W,T,-,,,,,Building: None,Room: None,Start Date: 01/06/2025,End Date: 04/25/2025,,F,S,,,,,,,,,,,,,,,,,,,,,"No campus, no room needed",,FULL,Full-time status,Do not publish in catalog,No Course Evaluation,FULL: 0 of 2 seats remain.,,
International Study&#8212;School of Law,Off-campus instruction,Study Abroad - Law,5109,01,0,70303,None,S,,M,,T,W,T,-,,,,,Building: None,Room: None,Start Date: 01/06/2025,End Date: 04/25/2025,,F,S,,,,,,,,,,,,,,,,,,,,,"No campus, no room needed",,FULL,Full-time status,Do not publish in catalog,No Course Evaluation,FULL: 0 of 1 seats remain.,,
